frame,arabic_voiceover_exact,english_voiceover_exact,historical_status,core_visual_claim,required_visible_elements,forbidden_generic_substitutes,recurring_character_id,image_prompt,source_reference
001,ما هو أكبر منافس لحليب الأطفال الصناعي؟ ليس علامة تجارية أخرى.,What's infant formula's biggest competitor? Not another brand.,REASONABLE INFERENCE,Two competing feeding options are being compared: a corporate product vs. the human body,"on left: a generic pastel formula tin on a small pedestal; on right: a simple stylised silhouette of a mother's breast/torso shape on an equal pedestal; both lit and framed identically, a faint VS gap between them",no generic baby bottle alone; no unrelated corporate boardroom imagery,none,"minimalist flat 2D educational cartoon illustration, very round simple heads, tiny simple dot facial features, clean thin dark-navy outlines, consistent thin line weight, flat muted pastel color palette, subtle soft gradients only where already natural, plain white or very light gray background, uncluttered simple composition, simple geometric furniture and architecture, friendly educational visual language, strong clear silhouettes readable at small size, no photorealism, no 3D rendering, no painterly texture, no anime style, ABSOLUTELY NO TEXT, NO LETTERS, NO NUMBERS, NO WORDS anywhere in the image, no logos, no brand marks, no readable labels of any kind. Split-composition scene: left pedestal holds a plain formula tin; right pedestal holds a simple rounded silhouette shape representing a mother's body/breastfeeding, identical staging, symmetrical, competitive 'facing off' framing, empty neutral background.",REASONABLE INFERENCE (frames the video's thesis)
002,إنّه حليب الأمّ نفسه؛ منتَجٌ لا تصنعه أيّ شركة، ولا تملك حقوقه، ولا تبيعه.,"It's breast milk itself — a product no company manufactures, patents, or sells.",REASONABLE INFERENCE,"Breast milk is produced by the body, not by any company or factory","a simple rounded maternal torso silhouette with a soft glowing drop/circle icon above it suggesting milk, no factory or company imagery anywhere near it","no factory, no assembly line, no company building",none,"minimalist flat 2D educational cartoon illustration, very round simple heads, tiny simple dot facial features, clean thin dark-navy outlines, consistent thin line weight, flat muted pastel color palette, subtle soft gradients only where already natural, plain white or very light gray background, uncluttered simple composition, simple geometric furniture and architecture, friendly educational visual language, strong clear silhouettes readable at small size, no photorealism, no 3D rendering, no painterly texture, no anime style, ABSOLUTELY NO TEXT, NO LETTERS, NO NUMBERS, NO WORDS anywhere in the image, no logos, no brand marks, no readable labels of any kind. Single centered image: a simple, modest, non-explicit rounded silhouette of a mother's upper body with one small soft glowing drop-shaped icon floating above representing milk, calm warm pastel lighting, nothing industrial nearby.",REASONABLE INFERENCE
003,كلّ شركة تحتاج إلى زبائن يدفعون. وجسدٌ يُطعم طفلاً مجاناً لا يصنع زبوناً واحداً.,Every business needs paying customers. A body that feeds a baby for free generates none.,REASONABLE INFERENCE,Business economics: paying customers vs a free biological process,"on one side a small simple coin or banknote icon passing between two simple generic figures (customer paying shopkeeper); on the other side the same maternal silhouette with the milk-drop icon, no money icon near it","no cash register close-up, no supermarket clutter",none,"minimalist flat 2D educational cartoon illustration, very round simple heads, tiny simple dot facial features, clean thin dark-navy outlines, consistent thin line weight, flat muted pastel color palette, subtle soft gradients only where already natural, plain white or very light gray background, uncluttered simple composition, simple geometric furniture and architecture, friendly educational visual language, strong clear silhouettes readable at small size, no photorealism, no 3D rendering, no painterly texture, no anime style, ABSOLUTELY NO TEXT, NO LETTERS, NO NUMBERS, NO WORDS anywhere in the image, no logos, no brand marks, no readable labels of any kind. Two-panel simple comparison: left panel shows a small simple coin icon moving from one generic rounded figure to another (a purchase); right panel shows the maternal silhouette with the drop icon and no coin nearby at all, plain background, clean geometric divider line between panels.",REASONABLE INFERENCE
004,هذه قصة كيف حاولت واحدة من أكبر شركات الأغذية في العالم أن تُنافس شيئاً لا يحتاج أحدٌ إلى شرائه، وكيف تحوّلت هذه المنافسة إلى فضيحة عالمية.,This is the story of how one of the world's biggest food companies tried to out-compete something no one has to buy — and how that competition became a global scandal.,REASONABLE INFERENCE,Establishing shot introducing the documentary's global historical scope,"a simple stylised world map/globe outline in flat pastel colors with a few small generic factory-building icons dotted on different continents, formula tin icon subtly present near one building, no text or country names","no real flags, no real corporate logos, no readable map labels",none,"minimalist flat 2D educational cartoon illustration, very round simple heads, tiny simple dot facial features, clean thin dark-navy outlines, consistent thin line weight, flat muted pastel color palette, subtle soft gradients only where already natural, plain white or very light gray background, uncluttered simple composition, simple geometric furniture and architecture, friendly educational visual language, strong clear silhouettes readable at small size, no photorealism, no 3D rendering, no painterly texture, no anime style, ABSOLUTELY NO TEXT, NO LETTERS, NO NUMBERS, NO WORDS anywhere in the image, no logos, no brand marks, no readable labels of any kind. Wide establishing image: simple flat pastel world globe/map illustration, a few small generic building icons scattered across different continents, one small blank formula tin icon near a building, clean minimal geographic shapes, no borders labeled, no text.",REASONABLE INFERENCE
005,تخيّلي أمّاً نسمّيها مريم. وضعت طفلها للتوّ. هي منهَكة، وتنوي إرضاعه طبيعياً.,"Picture a mother we'll call Maryam. She has just given birth. She's exhausted, and she intends to breastfeed.",COMPOSITE CHARACTER,"Introduce Maryam, exhausted new mother in a hospital bed intending to breastfeed","recurring character Maryam: young adult mother, round simple face, medium warm olive-brown skin tone, dark brown hair pulled back in a simple low bun, muted teal long-sleeve top, dark simple long skirt, small simple dot eyes, soft simple mouth line, consistent proportions in every appearance lying propped up in a simple hospital bed, holding Maryam's newborn infant: very small baby, plain cream/off-white swaddle blanket, minimal facial detail, consistently tiny size across frames close to her chest in a breastfeeding position, tired gentle expression, simple hospital room with one window and one plain chair","no generic stock-photo-style mother, no unrelated nurse present yet",maryam,"minimalist flat 2D educational cartoon illustration, very round simple heads, tiny simple dot facial features, clean thin dark-navy outlines, consistent thin line weight, flat muted pastel color palette, subtle soft gradients only where already natural, plain white or very light gray background, uncluttered simple composition, simple geometric furniture and architecture, friendly educational visual language, strong clear silhouettes readable at small size, no photorealism, no 3D rendering, no painterly texture, no anime style, ABSOLUTELY NO TEXT, NO LETTERS, NO NUMBERS, NO WORDS anywhere in the image, no logos, no brand marks, no readable labels of any kind. recurring character Maryam: young adult mother, round simple face, medium warm olive-brown skin tone, dark brown hair pulled back in a simple low bun, muted teal long-sleeve top, dark simple long skirt, small simple dot eyes, soft simple mouth line, consistent proportions in every appearance. Maryam's newborn infant: very small baby, plain cream/off-white swaddle blanket, minimal facial detail, consistently tiny size across frames. Interior hospital room, simple flat furniture: one bed, one small window, one plain chair. Maryam reclines tiredly in bed holding her newborn against her chest in a breastfeeding position. Warm soft muted color palette, calm quiet mood.",COMPOSITE CHARACTER (documented practices/experiences of the period)
006,في جناح الولادة، تشعر بعدم اليقين. حليبها لم يدرّ بعد بشكل كافٍ، والطفل يبكي.,"In the maternity ward, she's uncertain. Her milk hasn't fully come in yet. The baby is crying.",COMPOSITE CHARACTER,Maryam's uncertainty and the baby's distress in the same hospital setting,"recurring character Maryam: young adult mother, round simple face, medium warm olive-brown skin tone, dark brown hair pulled back in a simple low bun, muted teal long-sleeve top, dark simple long skirt, small simple dot eyes, soft simple mouth line, consistent proportions in every appearance sitting up in bed with a worried/uncertain facial expression, small simple motion lines near baby's face to suggest crying, same hospital room as previous frame for continuity",no bottle or formula tin visible yet in this frame,maryam,"minimalist flat 2D educational cartoon illustration, very round simple heads, tiny simple dot facial features, clean thin dark-navy outlines, consistent thin line weight, flat muted pastel color palette, subtle soft gradients only where already natural, plain white or very light gray background, uncluttered simple composition, simple geometric furniture and architecture, friendly educational visual language, strong clear silhouettes readable at small size, no photorealism, no 3D rendering, no painterly texture, no anime style, ABSOLUTELY NO TEXT, NO LETTERS, NO NUMBERS, NO WORDS anywhere in the image, no logos, no brand marks, no readable labels of any kind. recurring character Maryam: young adult mother, round simple face, medium warm olive-brown skin tone, dark brown hair pulled back in a simple low bun, muted teal long-sleeve top, dark simple long skirt, small simple dot eyes, soft simple mouth line, consistent proportions in every appearance. Maryam's newborn infant: very small baby, plain cream/off-white swaddle blanket, minimal facial detail, consistently tiny size across frames with small simple motion lines near its face suggesting crying. Same hospital room setting as prior frame for visual continuity. Maryam's expression shows tiredness and uncertainty, hand gently near the baby, soft dim evening lighting through the window.",COMPOSITE CHARACTER
007,تقترب منها امرأة بزيٍّ أبيض أنيق. تبدو من طاقم المستشفى. لكنّها ليست كذلك.,A woman in a crisp white uniform approaches. She looks like hospital staff. She isn't.,DOCUMENTED MARKETING PRACTICE,"The formula representative enters the room, appearing to be medical staff","recurring character formula-company representative: adult woman, crisp white clinical-style uniform dress with a simple white cap evoking mid-20th-century nursing dress, NO medical badge, NO insignia, NO text on uniform, calm confident posture, consistent appearance in every scene she appears in standing in the doorway of the same hospital room, calm professional posture, recurring character Maryam: young adult mother, round simple face, medium warm olive-brown skin tone, dark brown hair pulled back in a simple low bun, muted teal long-sleeve top, dark simple long skirt, small simple dot eyes, soft simple mouth line, consistent proportions in every appearance looking up toward her from the bed",no visible product/tin yet in this exact frame; no explicit nurse badge or ID card,"maryam,promoter","minimalist flat 2D educational cartoon illustration, very round simple heads, tiny simple dot facial features, clean thin dark-navy outlines, consistent thin line weight, flat muted pastel color palette, subtle soft gradients only where already natural, plain white or very light gray background, uncluttered simple composition, simple geometric furniture and architecture, friendly educational visual language, strong clear silhouettes readable at small size, no photorealism, no 3D rendering, no painterly texture, no anime style, ABSOLUTELY NO TEXT, NO LETTERS, NO NUMBERS, NO WORDS anywhere in the image, no logos, no brand marks, no readable labels of any kind. recurring character formula-company representative: adult woman, crisp white clinical-style uniform dress with a simple white cap evoking mid-20th-century nursing dress, NO medical badge, NO insignia, NO text on uniform, calm confident posture, consistent appearance in every scene she appears in. recurring character Maryam: young adult mother, round simple face, medium warm olive-brown skin tone, dark brown hair pulled back in a simple low bun, muted teal long-sleeve top, dark simple long skirt, small simple dot eyes, soft simple mouth line, consistent proportions in every appearance visible on the bed in the background, looking toward the doorway. Same hospital room continuity. The representative stands confidently in the doorway, framed to look authoritative and official despite no visible identification.",DOCUMENTED MARKETING PRACTICE (sales reps presenting with medical-style authority)
008,إنّها مندوبة مبيعات؛ ففي الستينيات والسبعينيات، وظّفت بعض شركات الحليب الصناعي بائعاتٍ يرتدين زياً شبيهاً بزيّ المُمرِّضات ويتصرّفن مثلهنّ.,"She's a company representative — in the 1960s and 70s, some infant-formula makers hired saleswomen who dressed and acted like nurses.",DOCUMENTED MARKETING PRACTICE,Explain the historical 'milk nurse' marketing practice directly,"close medium shot of recurring character formula-company representative: adult woman, crisp white clinical-style uniform dress with a simple white cap evoking mid-20th-century nursing dress, NO medical badge, NO insignia, NO text on uniform, calm confident posture, consistent appearance in every scene she appears in alone against a plain background, holding a plain generic infant-formula tin: pastel cream or light-blue cylindrical container with a rounded lid, completely blank surface, no logo, no wordmark, no readable text of any kind, fictional generic packaging at her side, confident reassuring posture, no hospital room details needed here to isolate the concept",no real nurse uniform with medical cross/red-cross symbol; no actual medical badge text,promoter,"minimalist flat 2D educational cartoon illustration, very round simple heads, tiny simple dot facial features, clean thin dark-navy outlines, consistent thin line weight, flat muted pastel color palette, subtle soft gradients only where already natural, plain white or very light gray background, uncluttered simple composition, simple geometric furniture and architecture, friendly educational visual language, strong clear silhouettes readable at small size, no photorealism, no 3D rendering, no painterly texture, no anime style, ABSOLUTELY NO TEXT, NO LETTERS, NO NUMBERS, NO WORDS anywhere in the image, no logos, no brand marks, no readable labels of any kind. recurring character formula-company representative: adult woman, crisp white clinical-style uniform dress with a simple white cap evoking mid-20th-century nursing dress, NO medical badge, NO insignia, NO text on uniform, calm confident posture, consistent appearance in every scene she appears in, shown from waist up, holding a plain generic infant-formula tin: pastel cream or light-blue cylindrical container with a rounded lid, completely blank surface, no logo, no wordmark, no readable text of any kind, fictional generic packaging at her side with one hand, calm reassuring smile, plain light-gray background to isolate her as the documentary's explanatory subject for this concept.",DOCUMENTED MARKETING PRACTICE — historically reported 'milk nurse' sales representatives
009,تُقدِّم لمريم عُلبة حليب. مظهرها حديث، نظيف، شبه طبّي؛ تماماً كما يريد الإرهاق أن يثق.,"She hands Maryam a tin. It looks modern, clinical, scientific — everything exhaustion makes you want to trust.",COMPOSITE CHARACTER,The handoff moment: representative gives Maryam the formula tin at the bedside,"recurring character formula-company representative: adult woman, crisp white clinical-style uniform dress with a simple white cap evoking mid-20th-century nursing dress, NO medical badge, NO insignia, NO text on uniform, calm confident posture, consistent appearance in every scene she appears in leaning toward the bed handing a plain generic infant-formula tin: pastel cream or light-blue cylindrical container with a rounded lid, completely blank surface, no logo, no wordmark, no readable text of any kind, fictional generic packaging to recurring character Maryam: young adult mother, round simple face, medium warm olive-brown skin tone, dark brown hair pulled back in a simple low bun, muted teal long-sleeve top, dark simple long skirt, small simple dot eyes, soft simple mouth line, consistent proportions in every appearance who reaches up to receive it, Maryam's newborn infant: very small baby, plain cream/off-white swaddle blanket, minimal facial detail, consistently tiny size across frames still in Maryam's other arm, same hospital room",no money or payment gesture in this frame — must read as a free gift,"maryam,promoter","minimalist flat 2D educational cartoon illustration, very round simple heads, tiny simple dot facial features, clean thin dark-navy outlines, consistent thin line weight, flat muted pastel color palette, subtle soft gradients only where already natural, plain white or very light gray background, uncluttered simple composition, simple geometric furniture and architecture, friendly educational visual language, strong clear silhouettes readable at small size, no photorealism, no 3D rendering, no painterly texture, no anime style, ABSOLUTELY NO TEXT, NO LETTERS, NO NUMBERS, NO WORDS anywhere in the image, no logos, no brand marks, no readable labels of any kind. recurring character formula-company representative: adult woman, crisp white clinical-style uniform dress with a simple white cap evoking mid-20th-century nursing dress, NO medical badge, NO insignia, NO text on uniform, calm confident posture, consistent appearance in every scene she appears in bends toward the hospital bed, extending a plain generic infant-formula tin: pastel cream or light-blue cylindrical container with a rounded lid, completely blank surface, no logo, no wordmark, no readable text of any kind, fictional generic packaging with both hands toward recurring character Maryam: young adult mother, round simple face, medium warm olive-brown skin tone, dark brown hair pulled back in a simple low bun, muted teal long-sleeve top, dark simple long skirt, small simple dot eyes, soft simple mouth line, consistent proportions in every appearance, who reaches out with one hand to accept it while holding Maryam's newborn infant: very small baby, plain cream/off-white swaddle blanket, minimal facial detail, consistently tiny size across frames in her other arm. Warm bright clinical lighting emphasizes the tin as modern and clean.",COMPOSITE CHARACTER / DOCUMENTED PRACTICE (hospital sample distribution)
010,"العُلبة مجانية. ""جرّبيها فقط""، تقول لها.","It's free. Just try it, she says.",DOCUMENTED MARKETING PRACTICE,"Emphasize the sample is free — a gift, not a sale","close-up on a plain generic infant-formula tin: pastel cream or light-blue cylindrical container with a rounded lid, completely blank surface, no logo, no wordmark, no readable text of any kind, fictional generic packaging now in recurring character Maryam: young adult mother, round simple face, medium warm olive-brown skin tone, dark brown hair pulled back in a simple low bun, muted teal long-sleeve top, dark simple long skirt, small simple dot eyes, soft simple mouth line, consistent proportions in every appearance's hands, a small simple gift-ribbon icon or sparkle icon near the tin to visually signal 'free gift', recurring character formula-company representative: adult woman, crisp white clinical-style uniform dress with a simple white cap evoking mid-20th-century nursing dress, NO medical badge, NO insignia, NO text on uniform, calm confident posture, consistent appearance in every scene she appears in's hand gesturing reassuringly nearby","no price tag, no cash register, no visible payment of any kind","maryam,promoter","minimalist flat 2D educational cartoon illustration, very round simple heads, tiny simple dot facial features, clean thin dark-navy outlines, consistent thin line weight, flat muted pastel color palette, subtle soft gradients only where already natural, plain white or very light gray background, uncluttered simple composition, simple geometric furniture and architecture, friendly educational visual language, strong clear silhouettes readable at small size, no photorealism, no 3D rendering, no painterly texture, no anime style, ABSOLUTELY NO TEXT, NO LETTERS, NO NUMBERS, NO WORDS anywhere in the image, no logos, no brand marks, no readable labels of any kind. Close-up composition centered on a plain generic infant-formula tin: pastel cream or light-blue cylindrical container with a rounded lid, completely blank surface, no logo, no wordmark, no readable text of any kind, fictional generic packaging held in recurring character Maryam: young adult mother, round simple face, medium warm olive-brown skin tone, dark brown hair pulled back in a simple low bun, muted teal long-sleeve top, dark simple long skirt, small simple dot eyes, soft simple mouth line, consistent proportions in every appearance's hands, with a small simple sparkle or gift-ribbon icon beside it signaling it is a free gift, recurring character formula-company representative: adult woman, crisp white clinical-style uniform dress with a simple white cap evoking mid-20th-century nursing dress, NO medical badge, NO insignia, NO text on uniform, calm confident posture, consistent appearance in every scene she appears in's hand gesturing warmly just at the edge of frame.",DOCUMENTED MARKETING PRACTICE (free sample distribution)
011,يتقبّل الطفل الزجاجة بسهولة. وفي الأيام التالية، تُرضع مريم طفلها طبيعياً بمعدَّلٍ أقلّ.,"The baby takes the bottle easily. Over the next days, Maryam breastfeeds less often.",REASONABLE INFERENCE,Visual causal chain: bottle-feeding begins and breastfeeding frequency visibly drops across a short time sequence,"a simple three-panel row showing the same room at three moments: panel 1 baby with bottle, panel 2 Maryam breastfeeding once, panel 3 Maryam sitting with baby but bottle nearby instead — a visible decreasing pattern across panels, small simple calendar/day icons above each panel",no single static image only — must show the sequence/decline across panels,maryam,"minimalist flat 2D educational cartoon illustration, very round simple heads, tiny simple dot facial features, clean thin dark-navy outlines, consistent thin line weight, flat muted pastel color palette, subtle soft gradients only where already natural, plain white or very light gray background, uncluttered simple composition, simple geometric furniture and architecture, friendly educational visual language, strong clear silhouettes readable at small size, no photorealism, no 3D rendering, no painterly texture, no anime style, ABSOLUTELY NO TEXT, NO LETTERS, NO NUMBERS, NO WORDS anywhere in the image, no logos, no brand marks, no readable labels of any kind. Three small simple panels in one row on plain background, each with a tiny day-marker icon above it (no text/numbers, just simple dots increasing 1,2,3). Panel 1: recurring character Maryam: young adult mother, round simple face, medium warm olive-brown skin tone, dark brown hair pulled back in a simple low bun, muted teal long-sleeve top, dark simple long skirt, small simple dot eyes, soft simple mouth line, consistent proportions in every appearance feeding Maryam's newborn infant: very small baby, plain cream/off-white swaddle blanket, minimal facial detail, consistently tiny size across frames a bottle. Panel 2: Maryam breastfeeding the baby directly. Panel 3: Maryam sitting with the baby, a bottle resting nearby taking a more prominent position than a direct breastfeeding pose, showing the shift in pattern.",REASONABLE INFERENCE grounded in documented supplementation patterns
012,وما لا يعرفه جسدها بعد: أنّ الرضاعة الأقلّ تعني تحفيزاً أقلّ، والتحفيز هو ما يُخبر الجسد بأن يستمرّ في إنتاج الحليب.,Here's what her body doesn't know yet: less suckling means less stimulation — and stimulation is what tells a body to keep making milk.,PEER-REVIEWED EVIDENCE,Simple physiological diagram: suckling triggers a signal that sustains milk production,"a simple educational diagram: the maternal torso silhouette on one side connected by a simple arrow/signal-wave icon to a baby suckling icon, and a small circular gauge/level icon indicating production level responding to the signal",no anatomically graphic or medical-diagram realism; keep flat cartoon iconography,none,"minimalist flat 2D educational cartoon illustration, very round simple heads, tiny simple dot facial features, clean thin dark-navy outlines, consistent thin line weight, flat muted pastel color palette, subtle soft gradients only where already natural, plain white or very light gray background, uncluttered simple composition, simple geometric furniture and architecture, friendly educational visual language, strong clear silhouettes readable at small size, no photorealism, no 3D rendering, no painterly texture, no anime style, ABSOLUTELY NO TEXT, NO LETTERS, NO NUMBERS, NO WORDS anywhere in the image, no logos, no brand marks, no readable labels of any kind. Simple flat educational diagram on plain background: a rounded maternal silhouette icon on the left connected by a curved arrow/signal-wave line to a small baby-suckling icon on the right; a small circular gauge icon near the maternal silhouette shows a fuller level, illustrating that the suckling signal sustains production.","PEER-REVIEWED EVIDENCE (lactation supply-and-demand physiology, prolactin/suckling feedback)"
013,تمرّ أسابيع قليلة. العُلبة المجانية تفرغ. وإدرار حليب مريم نفسه قد تراجع دون أن تلاحظ.,A few weeks pass. The free tin is empty. Maryam's own supply has quietly dropped.,COMPOSITE CHARACTER,The free tin is now empty while Maryam's own supply symbol has visibly diminished,"recurring character Maryam: young adult mother, round simple face, medium warm olive-brown skin tone, dark brown hair pulled back in a simple low bun, muted teal long-sleeve top, dark simple long skirt, small simple dot eyes, soft simple mouth line, consistent proportions in every appearance holding an emptied, visibly lighter-looking a plain generic infant-formula tin: pastel cream or light-blue cylindrical container with a rounded lid, completely blank surface, no logo, no wordmark, no readable text of any kind, fictional generic packaging tipped slightly to show it is empty, small circular gauge icon near her chest area now shown at a lower level than in frame 12","no shop or money element yet — this frame is purely about depletion, not purchase",maryam,"minimalist flat 2D educational cartoon illustration, very round simple heads, tiny simple dot facial features, clean thin dark-navy outlines, consistent thin line weight, flat muted pastel color palette, subtle soft gradients only where already natural, plain white or very light gray background, uncluttered simple composition, simple geometric furniture and architecture, friendly educational visual language, strong clear silhouettes readable at small size, no photorealism, no 3D rendering, no painterly texture, no anime style, ABSOLUTELY NO TEXT, NO LETTERS, NO NUMBERS, NO WORDS anywhere in the image, no logos, no brand marks, no readable labels of any kind. recurring character Maryam: young adult mother, round simple face, medium warm olive-brown skin tone, dark brown hair pulled back in a simple low bun, muted teal long-sleeve top, dark simple long skirt, small simple dot eyes, soft simple mouth line, consistent proportions in every appearance in a simple home interior (not hospital), holding a plain generic infant-formula tin: pastel cream or light-blue cylindrical container with a rounded lid, completely blank surface, no logo, no wordmark, no readable text of any kind, fictional generic packaging tilted to visually show it is empty, a small circular gauge icon subtly placed near her showing a reduced level compared to earlier, muted contemplative lighting.",COMPOSITE CHARACTER / REASONABLE INFERENCE
014,الآن، الحليب الصناعي لم يعد هديّة. أصبح مشترًى أسبوعياً. المجّانيّ تحوّل إلى عادة، والعادة تحوّلت إلى فاتورة.,Now formula isn't a gift. It's a weekly purchase. Free had become a habit. Habit had become a bill.,REASONABLE INFERENCE,The FREE → HABIT → PURCHASE chain completes visually: Maryam now buys formula at a shop,"recurring character Maryam: young adult mother, round simple face, medium warm olive-brown skin tone, dark brown hair pulled back in a simple low bun, muted teal long-sleeve top, dark simple long skirt, small simple dot eyes, soft simple mouth line, consistent proportions in every appearance standing at a small simple generic shop counter, exchanging a coin/banknote icon with a generic shopkeeper figure for a new a plain generic infant-formula tin: pastel cream or light-blue cylindrical container with a rounded lid, completely blank surface, no logo, no wordmark, no readable text of any kind, fictional generic packaging, camera pulled back slightly wider than previous frames to signal a scene change",no free-gift sparkle icon in this frame — must clearly show payment,maryam,"minimalist flat 2D educational cartoon illustration, very round simple heads, tiny simple dot facial features, clean thin dark-navy outlines, consistent thin line weight, flat muted pastel color palette, subtle soft gradients only where already natural, plain white or very light gray background, uncluttered simple composition, simple geometric furniture and architecture, friendly educational visual language, strong clear silhouettes readable at small size, no photorealism, no 3D rendering, no painterly texture, no anime style, ABSOLUTELY NO TEXT, NO LETTERS, NO NUMBERS, NO WORDS anywhere in the image, no logos, no brand marks, no readable labels of any kind. recurring character Maryam: young adult mother, round simple face, medium warm olive-brown skin tone, dark brown hair pulled back in a simple low bun, muted teal long-sleeve top, dark simple long skirt, small simple dot eyes, soft simple mouth line, consistent proportions in every appearance at a small simple flat-style shop counter, handing a simple coin/banknote icon to a generic shopkeeper silhouette in exchange for a plain generic infant-formula tin: pastel cream or light-blue cylindrical container with a rounded lid, completely blank surface, no logo, no wordmark, no readable text of any kind, fictional generic packaging, plain shop shelf with a few identical blank tins in the background, composition slightly wider to mark the transition out of the hospital story.",REASONABLE INFERENCE (documented shift from free samples to recurring purchase)
015,مريم ليست شخصيةً تاريخيةً موثَّقة بعينها؛ إنّها شخصية مركَّبة، بُنيت من ممارسات تسويقية وتجارب أمّهاتٍ وثّقتها تقارير ذلك الزمن. وقصّتها لم تكن استثناءً.,"Maryam isn't a documented historical figure — she's a composite, built from marketing practices and mothers' experiences researchers recorded during this period. And her story was far from unique.",REASONABLE INFERENCE,"Camera pulls back from Maryam's single room to reveal many identical small rooms/homes, signaling scale beyond one story","a simple grid of many small identical window/room outlines (like a large apartment building or many separate homes), one of the small windows faintly showing a tiny mother-and-baby silhouette matching Maryam, rest of windows plain/generic",no literal photograph collage; keep flat cartoon grid,maryam,"minimalist flat 2D educational cartoon illustration, very round simple heads, tiny simple dot facial features, clean thin dark-navy outlines, consistent thin line weight, flat muted pastel color palette, subtle soft gradients only where already natural, plain white or very light gray background, uncluttered simple composition, simple geometric furniture and architecture, friendly educational visual language, strong clear silhouettes readable at small size, no photorealism, no 3D rendering, no painterly texture, no anime style, ABSOLUTELY NO TEXT, NO LETTERS, NO NUMBERS, NO WORDS anywhere in the image, no logos, no brand marks, no readable labels of any kind. Wide flat-style grid composition: many small identical simple window/room rectangles arranged like a large building facade or a map of many homes, one window faintly containing a tiny simple mother-and-infant silhouette, the rest left as plain generic window shapes, symbolizing one story among many.",REASONABLE INFERENCE (transition device)
016,خلال الستينيات والسبعينيات، توسّعت شركات الحليب الصناعي بقوّة في آسيا وأفريقيا وأمريكا اللاتينية، حيث كانت معدَّلات الولادة مرتفعة وكانت الرضاعة الطبيعية عادةً متوارثة منذ أجيال.,"Through the 1960s and 70s, formula companies expanded aggressively into Asia, Africa, and Latin America, where birth rates were high and breastfeeding had for generations been nearly universal.",FACT,Historical map-style visual of formula-industry expansion into three continents,"simple flat pastel world map/globe with three regions (roughly Asia, Africa, Latin America) highlighted with small generic building/factory icons and small arrow icons pointing outward from a central icon representing company headquarters, no country borders labeled","no real national flags, no real country names or borders drawn precisely, no brand logos",none,"minimalist flat 2D educational cartoon illustration, very round simple heads, tiny simple dot facial features, clean thin dark-navy outlines, consistent thin line weight, flat muted pastel color palette, subtle soft gradients only where already natural, plain white or very light gray background, uncluttered simple composition, simple geometric furniture and architecture, friendly educational visual language, strong clear silhouettes readable at small size, no photorealism, no 3D rendering, no painterly texture, no anime style, ABSOLUTELY NO TEXT, NO LETTERS, NO NUMBERS, NO WORDS anywhere in the image, no logos, no brand marks, no readable labels of any kind. Flat pastel world map illustration with three broad regions subtly highlighted by soft color tint, small generic factory/building icons placed within each highlighted region, thin arrow lines radiating outward from one central icon toward the regions, symbolizing commercial expansion.","FACT (documented commercial expansion of formula marketing into LMICs, 1960s-70s)"
017,تحوّلت المستشفيات وأجنحة الولادة إلى قناة تسويقية: عُلَبٌ مجانية للأمّهات الجدد، هدايا، وعلاقات وثيقة مع الطاقم الصحّي.,"Hospitals and maternity wards became a marketing channel: free tins for new mothers, gift packs, and close relationships with health staff.",DOCUMENTED MARKETING PRACTICE,A generic hospital ward shown as a marketing channel: stacked free tins and gift boxes near hospital staff,"a simple hospital ward interior with several generic beds (not Maryam specifically), a small stack of identical blank formula tins and gift-box icons near a hospital reception desk, a generic uniformed staff figure standing near the stack",no Maryam or promoter specifically here — this is the systemic view with generic figures,none,"minimalist flat 2D educational cartoon illustration, very round simple heads, tiny simple dot facial features, clean thin dark-navy outlines, consistent thin line weight, flat muted pastel color palette, subtle soft gradients only where already natural, plain white or very light gray background, uncluttered simple composition, simple geometric furniture and architecture, friendly educational visual language, strong clear silhouettes readable at small size, no photorealism, no 3D rendering, no painterly texture, no anime style, ABSOLUTELY NO TEXT, NO LETTERS, NO NUMBERS, NO WORDS anywhere in the image, no logos, no brand marks, no readable labels of any kind. Simple flat hospital ward interior with several generic beds in a row, a small reception desk in the foreground with a neat stack of identical blank formula tins and small gift-box icons on it, a generic staff figure standing beside the stack, clean pastel clinical color palette.",DOCUMENTED MARKETING PRACTICE (hospital distribution channels)
018,"البائعات بالزيّ الشبيه بزيّ المُمرِّضات، واللواتي عُرِفن في الصحافة أحياناً باسم ""مُمرِّضات الحليب""، كنّ ممارسةً موثَّقة، لا مجرَّد إشاعة.","The uniformed saleswomen — sometimes called ""milk nurses"" in the press — were a documented practice, not a rumor.",DOCUMENTED MARKETING PRACTICE,"A row of several identical uniformed representative figures, showing this was a systematic practice, not one isolated woman","a row of three to four identical  adult woman, crisp white clinical-style uniform dress with a simple white cap evoking mid-20th-century nursing dress, NO medical badge, NO insignia, NO text on uniform, calm confident posture, consistent appearance in every scene she appears in figures standing side by side, each holding an identical a plain generic infant-formula tin: pastel cream or light-blue cylindrical container with a rounded lid, completely blank surface, no logo, no wordmark, no readable text of any kind, fictional generic packaging, uniform formation to communicate a systemic sales-force practice",no single isolated figure — must show multiple identical figures to communicate scale/system,promoter,"minimalist flat 2D educational cartoon illustration, very round simple heads, tiny simple dot facial features, clean thin dark-navy outlines, consistent thin line weight, flat muted pastel color palette, subtle soft gradients only where already natural, plain white or very light gray background, uncluttered simple composition, simple geometric furniture and architecture, friendly educational visual language, strong clear silhouettes readable at small size, no photorealism, no 3D rendering, no painterly texture, no anime style, ABSOLUTELY NO TEXT, NO LETTERS, NO NUMBERS, NO WORDS anywhere in the image, no logos, no brand marks, no readable labels of any kind. A simple row of three to four identical uniformed formula-company representative figures (recurring character formula-company representative: adult woman, crisp white clinical-style uniform dress with a simple white cap evoking mid-20th-century nursing dress, NO medical badge, NO insignia, NO text on uniform, calm confident posture, consistent appearance in every scene she appears in) standing side by side in matching poses, each holding an identical a plain generic infant-formula tin: pastel cream or light-blue cylindrical container with a rounded lid, completely blank surface, no logo, no wordmark, no readable text of any kind, fictional generic packaging, plain light background, composition emphasizing repetition and system rather than one individual.",DOCUMENTED MARKETING PRACTICE — press-documented 'milk nurse' sales forces
019,"اعتمد الإعلان على صور الحداثة والعلم، وأوحى أحياناً بأنّ الحليب الصناعي يُعادل حليب الأمّ أو يفوقه. وقد ظهرت أولى إشارات التدقيق العلني في هذه الممارسات قبل عام من ""قاتل الأطفال""، أي في عام 1973، على صفحات مجلة ""نيو إنترناشيوناليست"" البريطانية.","Advertising leaned on imagery of modernity and science, sometimes implying formula was equal or superior to breast milk. Some of the earliest public scrutiny of these tactics appeared a year before ""The Baby Killer,"" in 1973, in the British magazine New Internationalist.",DOCUMENTED MARKETING PRACTICE,"A generic vintage-style advertisement poster-within-the-scene showing scientific/modern imagery around a formula tin, without any real text","a simple flat illustrated poster/frame-within-frame showing a generic formula tin surrounded by small icons suggesting science and modernity (a simple flask icon, a simple sunburst/star icon suggesting superiority), presented as if pinned on a wall",no readable slogan text on the poster; no real brand imagery,none,"minimalist flat 2D educational cartoon illustration, very round simple heads, tiny simple dot facial features, clean thin dark-navy outlines, consistent thin line weight, flat muted pastel color palette, subtle soft gradients only where already natural, plain white or very light gray background, uncluttered simple composition, simple geometric furniture and architecture, friendly educational visual language, strong clear silhouettes readable at small size, no photorealism, no 3D rendering, no painterly texture, no anime style, ABSOLUTELY NO TEXT, NO LETTERS, NO NUMBERS, NO WORDS anywhere in the image, no logos, no brand marks, no readable labels of any kind. A single simple flat illustrated advertisement-style poster shown pinned on a plain wall, featuring a generic blank formula tin at its center surrounded by small iconography suggesting science and modern superiority (a simple flask icon, a simple star/sunburst icon), no text anywhere on the poster.",DOCUMENTED MARKETING PRACTICE (advertising themes of modernity/scientific imagery)
020,نجحت هذه الاستراتيجية لأنّها استهدفت الأمّهات في أضعف لحظاتهنّ، مُغلَّفةً بسلطة المستشفى ومصداقيته.,"It worked because it targeted mothers at their most exhausted and uncertain moment, wrapped in the authority of a hospital.",REASONABLE INFERENCE,"Symbolic image: a generic exhausted mother figure inside a large protective/authoritative hospital-cross or building outline, showing vulnerability wrapped in institutional trust",a generic simple tired mother-with-infant silhouette centered inside a large soft outline shape of a simple hospital building or a simple cross/shield icon representing institutional authority surrounding her,no specific Maryam identity here; keep it generic to represent mothers broadly,none,"minimalist flat 2D educational cartoon illustration, very round simple heads, tiny simple dot facial features, clean thin dark-navy outlines, consistent thin line weight, flat muted pastel color palette, subtle soft gradients only where already natural, plain white or very light gray background, uncluttered simple composition, simple geometric furniture and architecture, friendly educational visual language, strong clear silhouettes readable at small size, no photorealism, no 3D rendering, no painterly texture, no anime style, ABSOLUTELY NO TEXT, NO LETTERS, NO NUMBERS, NO WORDS anywhere in the image, no logos, no brand marks, no readable labels of any kind. A generic simple tired mother-and-infant silhouette centered within a large soft translucent outline of a hospital building or shield/cross shape that appears to surround and envelop her, symbolizing institutional trust and authority, calm muted color palette.",REASONABLE INFERENCE
021,وهذه هي البيولوجيا التي تُفسِّر خطورة الأمر: حليب الأمّ يعمل بمنطق العرض والطلب.,Here's the biology behind why this mattered. Breast milk runs on supply and demand.,PEER-REVIEWED EVIDENCE,Introduce the supply-and-demand physiological concept with a simple balanced-scale icon,"a simple flat balance-scale icon with a baby-suckling icon on one side and a milk-drop/gauge icon on the other, perfectly balanced, plain background",no text labels on the scale; pure iconography,none,"minimalist flat 2D educational cartoon illustration, very round simple heads, tiny simple dot facial features, clean thin dark-navy outlines, consistent thin line weight, flat muted pastel color palette, subtle soft gradients only where already natural, plain white or very light gray background, uncluttered simple composition, simple geometric furniture and architecture, friendly educational visual language, strong clear silhouettes readable at small size, no photorealism, no 3D rendering, no painterly texture, no anime style, ABSOLUTELY NO TEXT, NO LETTERS, NO NUMBERS, NO WORDS anywhere in the image, no logos, no brand marks, no readable labels of any kind. A simple flat balance-scale icon centered on a plain background, one side holding a small baby-suckling icon, the other side holding a small milk-drop icon, the scale perfectly level to visually introduce the supply-and-demand concept.","PEER-REVIEWED EVIDENCE (lactation physiology, supply-and-demand)"
022,رضاعة الطفل تُحفِّز هرمونات تُخبر الجسد: أنتِج المزيد، من أجل الرضعة القادمة.,"A baby's suckling triggers hormones that tell the body: make more, for the next feed.",PEER-REVIEWED EVIDENCE,Zoom into the suckling-to-signal mechanism with a simple arrow/loop diagram,"a simple close diagram: a baby-suckling icon connected via a curved arrow to a small simple gland/hormone icon (abstract circular icon, not anatomical), which connects via another arrow looping back to a milk-production gauge icon rising","no realistic anatomy, no medical cross-section imagery",none,"minimalist flat 2D educational cartoon illustration, very round simple heads, tiny simple dot facial features, clean thin dark-navy outlines, consistent thin line weight, flat muted pastel color palette, subtle soft gradients only where already natural, plain white or very light gray background, uncluttered simple composition, simple geometric furniture and architecture, friendly educational visual language, strong clear silhouettes readable at small size, no photorealism, no 3D rendering, no painterly texture, no anime style, ABSOLUTELY NO TEXT, NO LETTERS, NO NUMBERS, NO WORDS anywhere in the image, no logos, no brand marks, no readable labels of any kind. A simple flat circular-loop diagram on plain background: baby-suckling icon at the top connects via a curved arrow to a small abstract hormone/signal icon, which connects via another arrow to a milk-production gauge icon shown rising, forming a clear closed loop.",PEER-REVIEWED EVIDENCE (prolactin/suckling feedback loop)
023,عندما تحلّ الزجاجة محلّ عدّة رضعاتٍ يومياً، تضعف هذه الإشارة، وقد يتراجع الإدرار تدريجياً.,"Replace several feeds a day with a bottle, and that signal weakens. Over time, supply can fall.",PEER-REVIEWED EVIDENCE,Show the same loop diagram interrupted/weakened by a bottle replacing the suckling icon,"the same loop diagram as frame 22 but now a bottle icon is shown replacing the baby-suckling icon at several points, the arrow line rendered fainter/dashed, and the gauge icon shown lower than before",must visually connect back to frame 22's diagram style for continuity,none,"minimalist flat 2D educational cartoon illustration, very round simple heads, tiny simple dot facial features, clean thin dark-navy outlines, consistent thin line weight, flat muted pastel color palette, subtle soft gradients only where already natural, plain white or very light gray background, uncluttered simple composition, simple geometric furniture and architecture, friendly educational visual language, strong clear silhouettes readable at small size, no photorealism, no 3D rendering, no painterly texture, no anime style, ABSOLUTELY NO TEXT, NO LETTERS, NO NUMBERS, NO WORDS anywhere in the image, no logos, no brand marks, no readable labels of any kind. The same simple circular-loop diagram style as the previous frame, but now a bottle icon appears in place of the suckling icon at multiple points around the loop, the connecting arrow lines rendered fainter or dashed to show a weakened signal, and the gauge icon shown at a lower level than before.",PEER-REVIEWED EVIDENCE (reduced stimulation and declining supply)
024,هذا لا يعني أنّ زجاجةً واحدة تُنهي الرضاعة الطبيعية. بل يعني أنّ التكميل المتكرِّر قد يجعل العودة إلى الرضاعة الكاملة أصعب على بعض الأمّهات.,This doesn't mean one bottle ruins breastfeeding. It means repeated supplementation can make going back to full breastfeeding harder for some mothers.,PEER-REVIEWED EVIDENCE,"Important nuance: one bottle is fine (small icon), but a repeated row of many bottles shows accumulating difficulty","on the left a single small bottle icon with a simple checkmark-style neutral icon (not alarming) beside it; on the right a longer repeated row of many bottle icons with a simple upward difficulty-arrow icon, showing contrast between one instance and repetition",no red X or alarming warning icon on the single bottle — must not shame occasional formula use,none,"minimalist flat 2D educational cartoon illustration, very round simple heads, tiny simple dot facial features, clean thin dark-navy outlines, consistent thin line weight, flat muted pastel color palette, subtle soft gradients only where already natural, plain white or very light gray background, uncluttered simple composition, simple geometric furniture and architecture, friendly educational visual language, strong clear silhouettes readable at small size, no photorealism, no 3D rendering, no painterly texture, no anime style, ABSOLUTELY NO TEXT, NO LETTERS, NO NUMBERS, NO WORDS anywhere in the image, no logos, no brand marks, no readable labels of any kind. Split composition: left side shows one single small bottle icon with a small neutral circular icon beside it (calm, non-alarming); right side shows a longer repeated row of many identical bottle icons with a small upward-trending arrow icon above them, visually contrasting one instance against repetition without shaming either.",PEER-REVIEWED EVIDENCE / medical nuance clarification
025,وهنا يكمن الفخّ: العيّنة المجانية قد تنفد خلال أيام، بينما تراجُع إدرار الأمّ قد يستمرّ لفترةٍ أطول.,And that's the trap: a free sample can run out in days. The drop in a mother's own supply can outlast it.,REASONABLE INFERENCE,"Two parallel simple timeline bars: a short free-sample bar ending quickly, a longer supply-decline bar extending further","two horizontal simple bar/timeline icons stacked, top bar short and colored to represent the free-sample duration ending with a small empty-tin icon, bottom bar longer and colored to represent the supply-decline gauge extending well past where the top bar ends",no calendar numbers or date text; pure bar/timeline iconography,none,"minimalist flat 2D educational cartoon illustration, very round simple heads, tiny simple dot facial features, clean thin dark-navy outlines, consistent thin line weight, flat muted pastel color palette, subtle soft gradients only where already natural, plain white or very light gray background, uncluttered simple composition, simple geometric furniture and architecture, friendly educational visual language, strong clear silhouettes readable at small size, no photorealism, no 3D rendering, no painterly texture, no anime style, ABSOLUTELY NO TEXT, NO LETTERS, NO NUMBERS, NO WORDS anywhere in the image, no logos, no brand marks, no readable labels of any kind. Two simple horizontal timeline bars stacked vertically on a plain background: the top, shorter bar ends with a small empty-tin icon at its tip representing how quickly the free sample runs out; the bottom, longer bar extends further to the right ending with a small lowered gauge icon, representing the more persistent decline in the mother's own supply.",REASONABLE INFERENCE
026,حليبٌ مجّانيٌّ يدخل، وحليب الأمّ يتراجع؛ دورةٌ تُحوِّل بهدوءٍ منتَجاً مجانياً إلى حاجةٍ متكرِّرة.,"Free milk in, less of her own milk left — a cycle that quietly turns a free product into a recurring need.",REASONABLE INFERENCE,"A closed circular cycle diagram summarizing Act 4: free tin in, supply down, purchase needed, repeat","a simple circular cycle diagram with three or four icons arranged in a loop connected by arrows: a free-tin icon, a downward gauge icon, a coin/purchase icon, looping back around",no text labels inside the icons themselves,none,"minimalist flat 2D educational cartoon illustration, very round simple heads, tiny simple dot facial features, clean thin dark-navy outlines, consistent thin line weight, flat muted pastel color palette, subtle soft gradients only where already natural, plain white or very light gray background, uncluttered simple composition, simple geometric furniture and architecture, friendly educational visual language, strong clear silhouettes readable at small size, no photorealism, no 3D rendering, no painterly texture, no anime style, ABSOLUTELY NO TEXT, NO LETTERS, NO NUMBERS, NO WORDS anywhere in the image, no logos, no brand marks, no readable labels of any kind. A simple flat circular cycle diagram on plain background with three icons connected by curved arrows forming a closed loop: a free-tin icon, a downward-pointing gauge icon, and a small coin/purchase icon, the arrows looping continuously to represent a repeating cycle.",REASONABLE INFERENCE (summary transition into Act 5)
027,لأنّ الحليب الصناعي لا يبقى مجانياً. حين تنفد العيّنة، يجب على أحدهم شراء العُلبة التالية.,"Because formula doesn't stay free. Once the sample is gone, someone has to buy the next tin.",REASONABLE INFERENCE,"A generic family figure at a shop shelf reaching for a tin, coin icon prominent","a generic parent silhouette (not Maryam, to signal this is now about families broadly) standing before a shop shelf holding several identical blank tins, reaching for one while a coin icon is visible in their other hand",no hospital setting here — must be a shop/market setting,none,"minimalist flat 2D educational cartoon illustration, very round simple heads, tiny simple dot facial features, clean thin dark-navy outlines, consistent thin line weight, flat muted pastel color palette, subtle soft gradients only where already natural, plain white or very light gray background, uncluttered simple composition, simple geometric furniture and architecture, friendly educational visual language, strong clear silhouettes readable at small size, no photorealism, no 3D rendering, no painterly texture, no anime style, ABSOLUTELY NO TEXT, NO LETTERS, NO NUMBERS, NO WORDS anywhere in the image, no logos, no brand marks, no readable labels of any kind. A generic parent silhouette standing in front of a simple shop shelf lined with several identical blank formula tins, reaching to take one tin while a small coin icon is visible in their other hand, plain flat shop interior.",REASONABLE INFERENCE
028,في الأسر المَيسورة، هذا عبءٌ يمكن تحمُّله. أمّا في الأسر الفقيرة، فهو يُزاحم مباشرةً ميزانية الغذاء.,"In wealthier households, that's a manageable expense. In poorer ones, it competes directly with the family's food budget.",REASONABLE INFERENCE,"Split-house comparison: a comfortable household budget vs a strained household budget, both including a formula tin in their small budget-pie icon",two simple house-shaped outlines side by side; left house has a simple pie-chart/budget icon with a small formula-tin slice comfortably among other slices; right house has a similar pie-chart icon where the formula-tin slice visibly crowds out a food-plate slice,no explicit currency symbols or numbers; pure icon proportion,none,"minimalist flat 2D educational cartoon illustration, very round simple heads, tiny simple dot facial features, clean thin dark-navy outlines, consistent thin line weight, flat muted pastel color palette, subtle soft gradients only where already natural, plain white or very light gray background, uncluttered simple composition, simple geometric furniture and architecture, friendly educational visual language, strong clear silhouettes readable at small size, no photorealism, no 3D rendering, no painterly texture, no anime style, ABSOLUTELY NO TEXT, NO LETTERS, NO NUMBERS, NO WORDS anywhere in the image, no logos, no brand marks, no readable labels of any kind. Two simple flat house-outline shapes side by side on a plain background, each containing a small circular pie-chart budget icon. Left house: the pie chart shows a small tin-shaped slice comfortably alongside several other balanced slices. Right house: the pie chart shows the tin-shaped slice visibly larger, crowding against and shrinking a food-plate-shaped slice.",REASONABLE INFERENCE
029,تصف تقارير موثَّقة من تلك الحقبة أُسَراً كانت تُطيل عمر العُلبة الواحدة أكثر ممّا يجب، بتقليل كمّية المسحوق في كلّ رضعة.,Documented reports from the period describe families stretching a tin further than intended — using less powder per bottle to make it last.,PRIMARY-SOURCE ALLEGATION,"Show a generic parent adding a visibly small scoop of powder into a bottle of relatively large water volume, next to the same tin now looking like it will last longer","a generic parent figure using a small scoop to add powder into a bottle already mostly filled with water (water level clearly disproportionately higher than the tiny scoop of powder), the same {TIN} shown beside them still fairly full",no explicit warning icon or scary imagery; keep tone factual not alarmist,none,"minimalist flat 2D educational cartoon illustration, very round simple heads, tiny simple dot facial features, clean thin dark-navy outlines, consistent thin line weight, flat muted pastel color palette, subtle soft gradients only where already natural, plain white or very light gray background, uncluttered simple composition, simple geometric furniture and architecture, friendly educational visual language, strong clear silhouettes readable at small size, no photorealism, no 3D rendering, no painterly texture, no anime style, ABSOLUTELY NO TEXT, NO LETTERS, NO NUMBERS, NO WORDS anywhere in the image, no logos, no brand marks, no readable labels of any kind. A generic parent silhouette adding a visibly small scoop of powder into a feeding bottle that is already mostly filled with water, the water level clearly disproportionate to the tiny amount of powder, a plain generic infant-formula tin: pastel cream or light-blue cylindrical container with a rounded lid, completely blank surface, no logo, no wordmark, no readable text of any kind, fictional generic packaging resting on the table beside them still appearing fairly full, plain kitchen setting.",PRIMARY-SOURCE ALLEGATION / DOCUMENTED (over-dilution reports from 1970s investigations)
030,الحليب المُخفَّف يعني تغذيةً مخفَّفة. قد يبدو الطفل شبعاناً، هادئاً في الظاهر، بينما هو في الواقع يعاني نقص التغذية بصمت لأسابيع.,"Diluted formula means diluted nutrition. A baby can look fed — full stomach, apparent calm — while quietly being underfed for weeks.",PEER-REVIEWED EVIDENCE,A simple nutrition-level gauge shown low next to a baby that appears calm/content on the surface,"a small simple infant figure with a neutral/content expression lying in a crib, beside it a small nutrition-level gauge or simple filled-circle icon shown at a low level, visual contrast between apparent calm and the low gauge",no distressing or graphic depiction of a sick child; keep understated and factual,none,"minimalist flat 2D educational cartoon illustration, very round simple heads, tiny simple dot facial features, clean thin dark-navy outlines, consistent thin line weight, flat muted pastel color palette, subtle soft gradients only where already natural, plain white or very light gray background, uncluttered simple composition, simple geometric furniture and architecture, friendly educational visual language, strong clear silhouettes readable at small size, no photorealism, no 3D rendering, no painterly texture, no anime style, ABSOLUTELY NO TEXT, NO LETTERS, NO NUMBERS, NO WORDS anywhere in the image, no logos, no brand marks, no readable labels of any kind. A small simple infant figure with a calm, neutral expression resting in a plain crib, with a small nutrition-level gauge icon (a simple partially filled circle) placed beside the crib showing a low level, creating a quiet visual contrast between surface calm and an underlying deficit.",PEER-REVIEWED EVIDENCE (malnutrition risk from under-concentrated formula)
031,لم تفعل كلّ الأسر ذلك، لكن حيثما كان المال شحيحاً، كان هذا خطراً حقيقياً ومسجَّلاً.,"Not every family did this. But where money was tight, it was a real and recorded risk.",REASONABLE INFERENCE,"A row of several generic households where only some show the diluted-bottle icon, most show normal preparation, to visually represent 'not every family'","a row of four to five simple house icons; most show a normal bottle icon inside, one or two show the diluted/overwatered bottle icon from frame 29, representing a minority-but-real pattern","must not show all houses affected — only a minority, to avoid overgeneralizing",none,"minimalist flat 2D educational cartoon illustration, very round simple heads, tiny simple dot facial features, clean thin dark-navy outlines, consistent thin line weight, flat muted pastel color palette, subtle soft gradients only where already natural, plain white or very light gray background, uncluttered simple composition, simple geometric furniture and architecture, friendly educational visual language, strong clear silhouettes readable at small size, no photorealism, no 3D rendering, no painterly texture, no anime style, ABSOLUTELY NO TEXT, NO LETTERS, NO NUMBERS, NO WORDS anywhere in the image, no logos, no brand marks, no readable labels of any kind. A row of four to five simple flat house-outline icons on a plain background; most contain a small normal-looking bottle icon inside, while one or two contain the visibly overwatered/diluted bottle icon, illustrating that this was a real but not universal pattern among families under financial strain.",REASONABLE INFERENCE
032,هناك فخٌّ ثانٍ، منفصلٌ عن المال: التحضير. حليب الأمّ لا يحتاج ماءً، ولا زجاجة، ولا تعقيماً.,"There's a second trap, separate from money: preparation. Breast milk needs no water, no bottle, no sterilizing.",FACT,"Simple icon showing the maternal silhouette with a checkmark, and crossed-out icons for water drop, bottle, and sterilizer beside it to show breastfeeding needs none of these","the maternal torso silhouette icon in the center, with three small simple icons around it (a water-drop icon, a bottle icon, a sterilizing-pot icon) each with a small simple 'not needed' slash mark, without looking like an alarming prohibition sign",avoid a harsh red circle-slash 'banned' sign; keep it a gentle simple diagonal line,none,"minimalist flat 2D educational cartoon illustration, very round simple heads, tiny simple dot facial features, clean thin dark-navy outlines, consistent thin line weight, flat muted pastel color palette, subtle soft gradients only where already natural, plain white or very light gray background, uncluttered simple composition, simple geometric furniture and architecture, friendly educational visual language, strong clear silhouettes readable at small size, no photorealism, no 3D rendering, no painterly texture, no anime style, ABSOLUTELY NO TEXT, NO LETTERS, NO NUMBERS, NO WORDS anywhere in the image, no logos, no brand marks, no readable labels of any kind. A simple flat diagram centered on the maternal silhouette icon, surrounded by three small icons (a water-drop, a feeding bottle, a small sterilizing pot) each marked with a gentle simple diagonal line indicating 'not required', plain background, calm educational tone.",FACT
033,الحليب الصناعي يحتاج الثلاثة معاً، بشكلٍ صحيح، في كلّ مرّة.,"Formula needs all three, done correctly, every single time.",FACT,"Mirror of frame 32 but now the formula tin icon is surrounded by the same three icons WITHOUT the slash marks, all connected with small checkmarks","a plain generic infant-formula tin: pastel cream or light-blue cylindrical container with a rounded lid, completely blank surface, no logo, no wordmark, no readable text of any kind, fictional generic packaging centered, surrounded by the same three icons (water-drop, bottle, sterilizing pot) now each shown with a small simple checkmark instead of a slash, connected by short lines to the tin",must visually mirror frame 32's layout for clear before/after contrast,none,"minimalist flat 2D educational cartoon illustration, very round simple heads, tiny simple dot facial features, clean thin dark-navy outlines, consistent thin line weight, flat muted pastel color palette, subtle soft gradients only where already natural, plain white or very light gray background, uncluttered simple composition, simple geometric furniture and architecture, friendly educational visual language, strong clear silhouettes readable at small size, no photorealism, no 3D rendering, no painterly texture, no anime style, ABSOLUTELY NO TEXT, NO LETTERS, NO NUMBERS, NO WORDS anywhere in the image, no logos, no brand marks, no readable labels of any kind. A simple flat diagram mirroring the previous frame's layout: a plain generic infant-formula tin: pastel cream or light-blue cylindrical container with a rounded lid, completely blank surface, no logo, no wordmark, no readable text of any kind, fictional generic packaging centered, surrounded by the same three icons (water-drop, feeding bottle, sterilizing pot), each now marked with a small simple checkmark instead of a slash, connected by short lines to the tin, plain background.",FACT
034,تخيّلي العُلبة نفسها في بيتين. في الأوّل: صنبورٌ نظيف، زجاجةٌ نظيفة، ومكيالٌ دقيق.,"Picture the same tin of powder in two homes. In one: a clean tap, a clean bottle, an accurate scoop.",REASONABLE INFERENCE,Begin the two-house split visual: House A shown clean and well-equipped,"a simple flat kitchen interior (House A) with a clean modern tap/faucet icon, a clean clear bottle, a small precise scoop, and a plain generic infant-formula tin: pastel cream or light-blue cylindrical container with a rounded lid, completely blank surface, no logo, no wordmark, no readable text of any kind, fictional generic packaging, bright clean lighting, tidy simple composition",no House B elements visible yet in this frame — House A only,none,"minimalist flat 2D educational cartoon illustration, very round simple heads, tiny simple dot facial features, clean thin dark-navy outlines, consistent thin line weight, flat muted pastel color palette, subtle soft gradients only where already natural, plain white or very light gray background, uncluttered simple composition, simple geometric furniture and architecture, friendly educational visual language, strong clear silhouettes readable at small size, no photorealism, no 3D rendering, no painterly texture, no anime style, ABSOLUTELY NO TEXT, NO LETTERS, NO NUMBERS, NO WORDS anywhere in the image, no logos, no brand marks, no readable labels of any kind. A simple flat kitchen interior representing House A: a clean modern tap/faucet icon over a small basin, a clean clear feeding bottle, a small precise measuring scoop, and a plain generic infant-formula tin: pastel cream or light-blue cylindrical container with a rounded lid, completely blank surface, no logo, no wordmark, no readable text of any kind, fictional generic packaging on the counter, bright tidy lighting, orderly composition.",REASONABLE INFERENCE (safe-preparation baseline)
035,وفي الثاني: مصدر مياهٍ غير آمن، ولا وسيلة سهلة لتعقيم أيّ شيء.,"In the other: a water source that isn't safe, and no easy way to sterilize anything.",FACT,"House B shown with an unsafe/cloudy water source and no sterilizing equipment, same tin present","a simple flat home interior (House B) with a cloudy/murky water container or a simple well/jug icon suggesting untreated water, no stove or sterilizing pot visible, a plain generic infant-formula tin: pastel cream or light-blue cylindrical container with a rounded lid, completely blank surface, no logo, no wordmark, no readable text of any kind, fictional generic packaging still present and identical to House A's tin, dimmer more modest setting",the tin itself must look IDENTICAL to House A's tin — only the environment differs,none,"minimalist flat 2D educational cartoon illustration, very round simple heads, tiny simple dot facial features, clean thin dark-navy outlines, consistent thin line weight, flat muted pastel color palette, subtle soft gradients only where already natural, plain white or very light gray background, uncluttered simple composition, simple geometric furniture and architecture, friendly educational visual language, strong clear silhouettes readable at small size, no photorealism, no 3D rendering, no painterly texture, no anime style, ABSOLUTELY NO TEXT, NO LETTERS, NO NUMBERS, NO WORDS anywhere in the image, no logos, no brand marks, no readable labels of any kind. A simple flat home interior representing House B: a simple jug or container with visibly cloudy/murky water suggesting an unsafe source, no stove or sterilizing equipment in sight, a plain generic infant-formula tin: pastel cream or light-blue cylindrical container with a rounded lid, completely blank surface, no logo, no wordmark, no readable text of any kind, fictional generic packaging on a modest table looking identical to the tin in House A, dimmer more modest lighting and simpler furniture.","FACT (unsafe water access in many LMIC settings, documented)"
036,المياه غير الآمنة تُحوِّل تحضير الحليب إلى طريقٍ للبكتيريا، وهو ما يعني غالباً، عند الرضّع، الإصابة بالإسهال.,"Unsafe water turns formula preparation into a route for bacteria — and for infants, that often means diarrheal disease.",PEER-REVIEWED EVIDENCE,"Zoom into House B's bottle being prepared with the murky water, small simple bacteria-dot icons visible in the mixture, leading to a simple unwell-infant icon","a close-up of a bottle being filled from the murky water source with a few small simple dot/bacteria icons visible in the liquid, next to a small simple infant icon with a mild discomfort expression (not graphic/distressing)","keep the infant depiction gentle and non-graphic, not medically explicit or disturbing",none,"minimalist flat 2D educational cartoon illustration, very round simple heads, tiny simple dot facial features, clean thin dark-navy outlines, consistent thin line weight, flat muted pastel color palette, subtle soft gradients only where already natural, plain white or very light gray background, uncluttered simple composition, simple geometric furniture and architecture, friendly educational visual language, strong clear silhouettes readable at small size, no photorealism, no 3D rendering, no painterly texture, no anime style, ABSOLUTELY NO TEXT, NO LETTERS, NO NUMBERS, NO WORDS anywhere in the image, no logos, no brand marks, no readable labels of any kind. A close-up flat illustration of a feeding bottle being filled from a murky water source with a few small simple dot-shaped bacteria icons visible within the liquid, positioned beside a small simple infant icon with a mild, gentle discomfort expression, muted subdued color palette, non-graphic and restrained.",PEER-REVIEWED EVIDENCE (contaminated water preparation and diarrheal disease risk)
037,المنتَج في البيتين كان واحداً بالضبط. البيئة المحيطة به هي التي حدَّدت مستوى الخطر. وقد قدّر باحثون في الصحة العامة لاحقاً أنّ هذه الفجوة في المياه والصرف الصحّي، لا المسحوق نفسه، كانت أقوى مؤشّر على الضرر.,"The product in both homes was identical. The environment around it decided how dangerous it was. Public-health researchers would later estimate that this gap in water and sanitation, not the powder itself, was the strongest predictor of harm.",REASONABLE INFERENCE,"Final split-screen: House A and House B side by side, identical tin highlighted in both, but surrounding environment colored differently (safe=bright, risky=muted) to make the core thesis unmistakable","split-screen composition, House A (frame 34 content) on the left in bright clean colors, House B (frame 35 content) on the right in muted dimmer colors, both showing the exact same a plain generic infant-formula tin: pastel cream or light-blue cylindrical container with a rounded lid, completely blank surface, no logo, no wordmark, no readable text of any kind, fictional generic packaging highlighted with a subtle glow/outline in both halves to emphasize it is identical",the tin design must be pixel-identical in both halves; only environment/lighting differs,none,"minimalist flat 2D educational cartoon illustration, very round simple heads, tiny simple dot facial features, clean thin dark-navy outlines, consistent thin line weight, flat muted pastel color palette, subtle soft gradients only where already natural, plain white or very light gray background, uncluttered simple composition, simple geometric furniture and architecture, friendly educational visual language, strong clear silhouettes readable at small size, no photorealism, no 3D rendering, no painterly texture, no anime style, ABSOLUTELY NO TEXT, NO LETTERS, NO NUMBERS, NO WORDS anywhere in the image, no logos, no brand marks, no readable labels of any kind. A clear split-screen composition: House A's clean kitchen setup on the left in bright clean lighting, House B's modest setup with unsafe water on the right in muted dimmer lighting, with a plain generic infant-formula tin: pastel cream or light-blue cylindrical container with a rounded lid, completely blank surface, no logo, no wordmark, no readable text of any kind, fictional generic packaging appearing identical and subtly highlighted with a soft outline in both halves, visually proving the product is the same while the surrounding environment differs.",REASONABLE INFERENCE (central thesis statement of Act 6)
038,مع بداية السبعينيات، بدأ صحفيّون ونشطاء صحّيّون يطرحون أسئلةً صعبة عن تسويق الحليب الصناعي في الدول الفقيرة.,"By the early 1970s, journalists and health advocates were asking hard questions about formula marketing in poorer countries.",FACT,"A generic investigator/journalist figure examining documents and photographs pinned on a board, transitioning the film into the historical investigation section","a generic simple journalist/investigator figure standing before a small corkboard with a few simple document-icon and photo-icon shapes pinned to it (blank, no readable content), holding a notepad",no readable text on the documents or notepad,activist,"minimalist flat 2D educational cartoon illustration, very round simple heads, tiny simple dot facial features, clean thin dark-navy outlines, consistent thin line weight, flat muted pastel color palette, subtle soft gradients only where already natural, plain white or very light gray background, uncluttered simple composition, simple geometric furniture and architecture, friendly educational visual language, strong clear silhouettes readable at small size, no photorealism, no 3D rendering, no painterly texture, no anime style, ABSOLUTELY NO TEXT, NO LETTERS, NO NUMBERS, NO WORDS anywhere in the image, no logos, no brand marks, no readable labels of any kind. A generic simple journalist/investigator figure standing in front of a small corkboard holding several blank document-icon and photo-icon shapes pinned to it, the figure holding a small notepad, plain office-like setting, serious investigative mood.",FACT (rising public/journalistic scrutiny in the early 1970s)
039,"في عام 1974، نشرت منظّمة ""حرب على الفقر"" البريطانية تحقيقاً أعدّه الصحفي مايك مولر، بعنوان ""قاتل الأطفال"".","In 1974, the British charity War on Want published an investigation by Mike Muller. Its title: ""The Baby Killer.""",FACT,"A simple pamphlet/booklet object being held up or presented, with a simple skull-free, non-graphic dark cover design (no readable title text since no text allowed in images)","a generic simple investigator figure holding up a small booklet/pamphlet-shaped object with a plain dark cover (no readable text — communicate 'report/publication' purely through object shape), a small map of the world subtly visible behind them",no readable title text on the pamphlet cover; no skull or graphic violent imagery,activist,"minimalist flat 2D educational cartoon illustration, very round simple heads, tiny simple dot facial features, clean thin dark-navy outlines, consistent thin line weight, flat muted pastel color palette, subtle soft gradients only where already natural, plain white or very light gray background, uncluttered simple composition, simple geometric furniture and architecture, friendly educational visual language, strong clear silhouettes readable at small size, no photorealism, no 3D rendering, no painterly texture, no anime style, ABSOLUTELY NO TEXT, NO LETTERS, NO NUMBERS, NO WORDS anywhere in the image, no logos, no brand marks, no readable labels of any kind. A generic investigator/researcher figure holding up a small simple pamphlet-shaped object with a plain solid dark cover (no text, communicated purely as a 'published report' object), a soft flat world-map silhouette in the background, serious composed mood.","FACT (War on Want, 'The Baby Killer', Mike Muller, 1974)"
040,كان هذا عنوان تقريرٍ توعويّ نشطاويّ، لا حُكماً طبّياً، لكن أدلّته حول الممارسات التسويقية كانت دامغة.,"That was the title of a campaigning report, not a medical verdict — but its evidence on marketing practices was damning.",REASONABLE INFERENCE,"Contrast a campaigning-report icon against a medical-verdict icon to clarify the distinction, then show a stack of evidence documents",two small icons side by side for contrast: a megaphone icon (campaigning/activism) versus a stethoscope/medical-cross icon (medical verdict) with a subtle visual de-emphasis on the medical one; beside them a neat stack of blank document icons representing gathered evidence,no scale-of-justice icon (avoid implying a legal verdict either),activist,"minimalist flat 2D educational cartoon illustration, very round simple heads, tiny simple dot facial features, clean thin dark-navy outlines, consistent thin line weight, flat muted pastel color palette, subtle soft gradients only where already natural, plain white or very light gray background, uncluttered simple composition, simple geometric furniture and architecture, friendly educational visual language, strong clear silhouettes readable at small size, no photorealism, no 3D rendering, no painterly texture, no anime style, ABSOLUTELY NO TEXT, NO LETTERS, NO NUMBERS, NO WORDS anywhere in the image, no logos, no brand marks, no readable labels of any kind. A simple flat composition contrasting two small icons: a megaphone icon representing campaigning journalism, and a stethoscope/medical-cross icon representing medical authority, positioned to show the report belongs to the first category; beside them a neat stack of blank document icons representing the gathered evidence behind it.",REASONABLE INFERENCE (clarifying nature of the report vs. a formal medical finding)
041,"صدرت نسخة سويسرية من الكُتيِّب بعنوانٍ أكثر مباشرة: ""نِستله تقتل الأطفال"".","A Swiss edition of the pamphlet was retitled, bluntly, ""Nestlé Kills Babies.""",FACT,"A second, starker pamphlet object being placed beside the first, in a Swiss-alpine-simplified setting hinting at Switzerland without flags or text","a small simple pamphlet-shaped object similar to frame 39 but with a starker plain black cover, placed on a table with a subtle simple mountain-outline motif in the background evoking Switzerland (no flag, no text)","no Swiss flag, no readable title text, no explicit brand references",activist,"minimalist flat 2D educational cartoon illustration, very round simple heads, tiny simple dot facial features, clean thin dark-navy outlines, consistent thin line weight, flat muted pastel color palette, subtle soft gradients only where already natural, plain white or very light gray background, uncluttered simple composition, simple geometric furniture and architecture, friendly educational visual language, strong clear silhouettes readable at small size, no photorealism, no 3D rendering, no painterly texture, no anime style, ABSOLUTELY NO TEXT, NO LETTERS, NO NUMBERS, NO WORDS anywhere in the image, no logos, no brand marks, no readable labels of any kind. A small simple pamphlet-shaped object with a stark plain black cover resting on a table, a subtle simple mountain-outline silhouette in the background softly evoking a Swiss setting, no flags, no text, no logos, restrained serious tone.",FACT (German-language Swiss pamphlet 'Nestlé tötet Babys')
042,جرّ هذا التقرير، وردّة الفعل عليه، أكبر لاعبٍ في هذا القطاع إلى مواجهةٍ علنية لم يعرفها من قبل.,The report and the reaction to it pulled the industry's biggest player into a public reckoning it had never faced before.,REASONABLE INFERENCE,"A large generic corporate-building silhouette now surrounded by many small simple crowd/megaphone icons converging on it, symbolizing public pressure","one large simple generic corporate office-building silhouette in the center, surrounded by many small simple crowd-figure and megaphone icons converging toward it from all directions","no real company name, no real logo on the building",none,"minimalist flat 2D educational cartoon illustration, very round simple heads, tiny simple dot facial features, clean thin dark-navy outlines, consistent thin line weight, flat muted pastel color palette, subtle soft gradients only where already natural, plain white or very light gray background, uncluttered simple composition, simple geometric furniture and architecture, friendly educational visual language, strong clear silhouettes readable at small size, no photorealism, no 3D rendering, no painterly texture, no anime style, ABSOLUTELY NO TEXT, NO LETTERS, NO NUMBERS, NO WORDS anywhere in the image, no logos, no brand marks, no readable labels of any kind. A large simple generic corporate office-building silhouette centered on a plain background, surrounded by many small simple crowd-figure and megaphone icons converging toward it from multiple directions, symbolizing a wave of public scrutiny and pressure.",REASONABLE INFERENCE
043,رفعت الشركة دعوى تشهير بسبب هذا العنوان، وكسبتها في حدود المسألة القانونية الضيّقة الخاصّة بالألفاظ نفسها.,"The company sued for libel over that title — and won, on the narrow legal question of the words themselves.",FACT,"A simple courtroom scene with a generic gavel icon and two simplified opposing figures, calm procedural tone, not dramatic","a simple flat courtroom setting with a small judge's bench and gavel icon, two small generic opposing figures standing at separate podiums, neutral composed mood, no dramatic lighting",no aggressive or dramatic courtroom clichés; keep it calm and procedural,none,"minimalist flat 2D educational cartoon illustration, very round simple heads, tiny simple dot facial features, clean thin dark-navy outlines, consistent thin line weight, flat muted pastel color palette, subtle soft gradients only where already natural, plain white or very light gray background, uncluttered simple composition, simple geometric furniture and architecture, friendly educational visual language, strong clear silhouettes readable at small size, no photorealism, no 3D rendering, no painterly texture, no anime style, ABSOLUTELY NO TEXT, NO LETTERS, NO NUMBERS, NO WORDS anywhere in the image, no logos, no brand marks, no readable labels of any kind. A simple flat courtroom illustration with a small judge's bench featuring a gavel icon, two small generic figures standing at separate podiums facing the bench, plain neutral lighting, calm procedural composition rather than dramatic confrontation.",FACT (1976 Swiss libel case over the pamphlet's German title)
044,لكنّ القاضي أضاف تحذيراً: إن لم ترغب الشركة في أن تُتَّهم بالتسبُّب في الوفاة والمرض، فعليها أن تُغيِّر طريقة عملها.,"But the presiding judge added a warning: if the company didn't want to be accused of causing death and illness, it should change how it did business.",PRIMARY-SOURCE ALLEGATION,Close-up on the judge figure from frame 43 gesturing with a raised finger/warning gesture toward the corporate-building icon in the distance,"a simple judge figure behind the bench making a raised-finger cautionary gesture, a small distant corporate-building silhouette visible through a window behind them to visually connect the warning to the company",no text of the actual quote appears on screen,none,"minimalist flat 2D educational cartoon illustration, very round simple heads, tiny simple dot facial features, clean thin dark-navy outlines, consistent thin line weight, flat muted pastel color palette, subtle soft gradients only where already natural, plain white or very light gray background, uncluttered simple composition, simple geometric furniture and architecture, friendly educational visual language, strong clear silhouettes readable at small size, no photorealism, no 3D rendering, no painterly texture, no anime style, ABSOLUTELY NO TEXT, NO LETTERS, NO NUMBERS, NO WORDS anywhere in the image, no logos, no brand marks, no readable labels of any kind. A simple flat close-up of a judge figure behind a bench, making a calm raised-finger cautionary gesture, with a small distant generic corporate-building silhouette visible through a window behind the bench, connecting the judicial warning to the company.",PRIMARY-SOURCE ALLEGATION (judge's widely reported remarks in the 1976 verdict)
045,نفت الشركة مسؤوليّتها عن نتائج مرتبطة بالمياه والصرف الصحّي، وهي أمور خارج سيطرتها، مؤكِّدةً أنّ إصلاحاتٍ كانت جاريةً بالفعل.,"The company disputed responsibility for outcomes tied to water and sanitation it didn't control, while saying reforms were already under way.",COMPANY POSITION,"A generic company spokesperson figure at a simple podium with a microphone, gesturing calmly, a small water-drop icon with a 'not controlled by us' subtle distancing visual, and a small checklist/reform icon beside them","a generic spokesperson figure at a simple podium with a microphone icon, one hand gesturing toward a small water-drop icon positioned slightly apart from them, other hand near a small checklist/gear icon suggesting ongoing reform","keep the spokesperson generic and neutral, not caricatured or villainous",none,"minimalist flat 2D educational cartoon illustration, very round simple heads, tiny simple dot facial features, clean thin dark-navy outlines, consistent thin line weight, flat muted pastel color palette, subtle soft gradients only where already natural, plain white or very light gray background, uncluttered simple composition, simple geometric furniture and architecture, friendly educational visual language, strong clear silhouettes readable at small size, no photorealism, no 3D rendering, no painterly texture, no anime style, ABSOLUTELY NO TEXT, NO LETTERS, NO NUMBERS, NO WORDS anywhere in the image, no logos, no brand marks, no readable labels of any kind. A generic company spokesperson figure standing at a simple podium with a microphone icon, calmly gesturing with one hand toward a small water-drop icon positioned apart from them (indicating something outside their control), the other hand near a small checklist/gear icon suggesting reforms in progress, neutral composed tone, no caricature.",COMPANY POSITION (company's public rebuttal regarding water/sanitation responsibility)
046,"في عام 1977، أطلقت حملة أمريكية صغيرة تُدعى ""إنفاكت"" مقاطعةً استهلاكية لمنتجات الشركة.","In 1977, a small U.S. campaign called INFACT launched a consumer boycott of the company's products.",FACT,"A small group of a few generic activist figures outside a modest storefront holding simple picket-sign shapes (blank, no text) with a crossed-out generic product icon","a small group of three to four generic activist figures standing outside a simple storefront, holding blank simple picket-sign shapes, one sign showing a small crossed-out generic product icon",no readable text on picket signs; no real brand imagery,activist,"minimalist flat 2D educational cartoon illustration, very round simple heads, tiny simple dot facial features, clean thin dark-navy outlines, consistent thin line weight, flat muted pastel color palette, subtle soft gradients only where already natural, plain white or very light gray background, uncluttered simple composition, simple geometric furniture and architecture, friendly educational visual language, strong clear silhouettes readable at small size, no photorealism, no 3D rendering, no painterly texture, no anime style, ABSOLUTELY NO TEXT, NO LETTERS, NO NUMBERS, NO WORDS anywhere in the image, no logos, no brand marks, no readable labels of any kind. A small group of three to four generic activist figures standing outside a simple flat storefront, holding blank picket-sign shapes, one sign displaying a small simple crossed-out generic product icon instead of text, modest 1970s street setting.","FACT (INFACT boycott launched 1977, Minneapolis)"
047,انتشرت من مدينة واحدة إلى حملةٍ وطنية، ثمّ عبرت إلى كندا وبريطانيا وأستراليا وغيرها.,"It spread from one city to a national campaign, then crossed into Canada, the U.K., Australia, and beyond.",FACT,A simple map visual showing a small starting dot in one country expanding outward with ripple/wave rings to several other continents,"a simple flat world map/globe with one small highlighted starting point and several soft expanding ripple-ring icons radiating outward to touch a few other continents, echoing the earlier expansion map from frame 16 but now representing activism instead of marketing",no real flags or country name labels,none,"minimalist flat 2D educational cartoon illustration, very round simple heads, tiny simple dot facial features, clean thin dark-navy outlines, consistent thin line weight, flat muted pastel color palette, subtle soft gradients only where already natural, plain white or very light gray background, uncluttered simple composition, simple geometric furniture and architecture, friendly educational visual language, strong clear silhouettes readable at small size, no photorealism, no 3D rendering, no painterly texture, no anime style, ABSOLUTELY NO TEXT, NO LETTERS, NO NUMBERS, NO WORDS anywhere in the image, no logos, no brand marks, no readable labels of any kind. A simple flat world map or globe illustration with one small highlighted starting point and several soft concentric ripple-ring icons expanding outward to touch multiple other continents, visually mirroring the earlier company-expansion map but now representing the spread of the consumer boycott.",FACT (international spread of the boycott 1977-1978)
048,أصبحت واحدةً من أطول المقاطعات الاستهلاكية استمراراً في التاريخ ضدّ شركةٍ عابرة للقارّات، وامتدّت في نهاية المطاف إلى عشرات الدول واستمرّت حتى الثمانينيات.,"It became one of the longest-running consumer boycotts ever aimed at a single multinational corporation, eventually active in dozens of countries and lasting into the 1980s.",FACT,"A large crowd of generic activist figures filling the frame, denser and larger than frame 46, with a simple long timeline-ribbon icon beneath them suggesting long duration","a large dense crowd of generic simple activist figures (more than in frame 46), beneath them a long simple ribbon/timeline-bar icon extending across the width of the frame to suggest an unusually long duration",no specific end-date text; keep purely visual/proportional,activist,"minimalist flat 2D educational cartoon illustration, very round simple heads, tiny simple dot facial features, clean thin dark-navy outlines, consistent thin line weight, flat muted pastel color palette, subtle soft gradients only where already natural, plain white or very light gray background, uncluttered simple composition, simple geometric furniture and architecture, friendly educational visual language, strong clear silhouettes readable at small size, no photorealism, no 3D rendering, no painterly texture, no anime style, ABSOLUTELY NO TEXT, NO LETTERS, NO NUMBERS, NO WORDS anywhere in the image, no logos, no brand marks, no readable labels of any kind. A large dense crowd of generic simple activist figures filling most of the frame, with a long simple ribbon or timeline-bar icon stretching across the bottom of the frame to visually suggest an unusually long-running campaign, energetic but orderly composition.",FACT (boycott recognized as one of the largest/longest against a multinational)
049,في عام 1978، عقد مجلس الشيوخ الأمريكي جلسات استماع، وضغط على ممثِّل الشركة نفسه بشأن تسويقها في العالم النامي.,"In 1978, the U.S. Senate held hearings, pressing the company's own representative on its marketing in the developing world.",FACT,"A formal simple hearing-room scene: a raised panel of a few generic senator figures behind a long desk, one generic company-representative figure seated facing them at a small table with a microphone","a formal simple government hearing room: a raised long desk with three to four generic senator-like figures behind it, a single generic company representative figure seated below at a small table with a microphone, formal flags-free institutional setting",no real US flag or seal details; no real senator likenesses,none,"minimalist flat 2D educational cartoon illustration, very round simple heads, tiny simple dot facial features, clean thin dark-navy outlines, consistent thin line weight, flat muted pastel color palette, subtle soft gradients only where already natural, plain white or very light gray background, uncluttered simple composition, simple geometric furniture and architecture, friendly educational visual language, strong clear silhouettes readable at small size, no photorealism, no 3D rendering, no painterly texture, no anime style, ABSOLUTELY NO TEXT, NO LETTERS, NO NUMBERS, NO WORDS anywhere in the image, no logos, no brand marks, no readable labels of any kind. A formal simple flat hearing-room illustration: a raised long desk with three to four generic senator-like figures seated behind it, facing downward toward a single generic company-representative figure seated at a small table with a microphone, formal institutional atmosphere, muted government-building color palette.","FACT (1978 US Senate hearings on infant formula marketing, chaired by Sen. Kennedy)"
050,وكان السؤال المحوري: هل يجوز تسويق منتَجٍ يحتاج ماءً نظيفاً ودخلاً ثابتاً بقوّة، في أماكن لا يتوفَّر فيها أيّ منهما؟,The question at the center of it all: should a product that requires clean water and steady income be marketed aggressively where neither is guaranteed?,REASONABLE INFERENCE,"A single central formula-tin icon with a large simple question-mark shape above it, flanked by the water-drop and coin icons both shown faded/absent on one side","a central generic formula tin with a large simple question-mark shape floating above it, on either side small faded/ghosted versions of the water-drop icon and coin icon to represent their absence or uncertainty in some settings",no aggressive or accusatory imagery — keep it as a genuine open question,none,"minimalist flat 2D educational cartoon illustration, very round simple heads, tiny simple dot facial features, clean thin dark-navy outlines, consistent thin line weight, flat muted pastel color palette, subtle soft gradients only where already natural, plain white or very light gray background, uncluttered simple composition, simple geometric furniture and architecture, friendly educational visual language, strong clear silhouettes readable at small size, no photorealism, no 3D rendering, no painterly texture, no anime style, ABSOLUTELY NO TEXT, NO LETTERS, NO NUMBERS, NO WORDS anywhere in the image, no logos, no brand marks, no readable labels of any kind. A central simple generic formula tin with a large clean question-mark shape floating directly above it, flanked on either side by small faded or semi-transparent water-drop and coin icons suggesting their uncertain availability, plain neutral background, contemplative tone.",REASONABLE INFERENCE (the hearings' central policy question)
051,في عام 1979، عقدت منظّمة الصحّة العالمية واليونيسف اجتماعاً دولياً حول تغذية الرضّع وصغار الأطفال.,"In 1979, the World Health Organization and UNICEF convened an international meeting on infant and young child feeding.",FACT,"A large simple round conference table with several generic delegate figures from different simple silhouette styles seated around it, a small globe icon at the table's center","a round conference table viewed from a slightly elevated angle with six to eight generic simple delegate figures seated around it, a small globe/globe-outline icon placed at the exact center of the table",no real WHO or UNICEF emblem/logo; no real flags,who_delegate,"minimalist flat 2D educational cartoon illustration, very round simple heads, tiny simple dot facial features, clean thin dark-navy outlines, consistent thin line weight, flat muted pastel color palette, subtle soft gradients only where already natural, plain white or very light gray background, uncluttered simple composition, simple geometric furniture and architecture, friendly educational visual language, strong clear silhouettes readable at small size, no photorealism, no 3D rendering, no painterly texture, no anime style, ABSOLUTELY NO TEXT, NO LETTERS, NO NUMBERS, NO WORDS anywhere in the image, no logos, no brand marks, no readable labels of any kind. A simple flat illustration of a round conference table viewed from a slightly elevated angle, six to eight generic simple delegate figures seated evenly around it, a small plain globe-outline icon placed at the center of the table, formal calm international-meeting atmosphere.",FACT (1979 WHO/UNICEF joint meeting on infant and young child feeding)
052,أمضت الحكومات والشركات ومنظّمات المناصرة عامَين في التفاوض حول القواعد التي يجب أن تُطبَّق عالمياً؛ وكانت حالةً نادرة جلست فيها الصناعة نفسها إلى طاولة النقاش وهي تُناقَش القيود المفروضة على ممارساتها.,"Governments, companies, and advocacy groups spent two years negotiating what rules should apply worldwide — a rare case of an industry sitting at the table while its own practices were being restricted.",FACT,"Three distinct generic delegate groups (government, company, advocacy) shown around the same table from frame 51, now with a simple document being passed back and forth between them and a subtle clock/hourglass icon suggesting elapsed time","same round table setting as frame 51, now with three visually distinguishable small clusters of delegate figures (subtle differences in attire silhouette only, no logos), a blank document icon in the middle being reviewed, small hourglass icon in a corner",no readable text on the document; no real flags or logos distinguishing the groups,who_delegate,"minimalist flat 2D educational cartoon illustration, very round simple heads, tiny simple dot facial features, clean thin dark-navy outlines, consistent thin line weight, flat muted pastel color palette, subtle soft gradients only where already natural, plain white or very light gray background, uncluttered simple composition, simple geometric furniture and architecture, friendly educational visual language, strong clear silhouettes readable at small size, no photorealism, no 3D rendering, no painterly texture, no anime style, ABSOLUTELY NO TEXT, NO LETTERS, NO NUMBERS, NO WORDS anywhere in the image, no logos, no brand marks, no readable labels of any kind. The same round conference table setting as the previous frame, now showing three subtly distinct clusters of generic delegate figures (differentiated only by simple attire silhouette, not by logos), a blank document icon at the center being reviewed by several hands, a small hourglass icon in the corner of the frame suggesting the passage of time during negotiation.",FACT (multi-year drafting/negotiation process 1979-1981)
053,في الحادي والعشرين من مايو 1981، اعتمدت جمعية الصحّة العالمية المدوَّنة الدولية لتسويق بدائل حليب الأمّ، بأغلبية 118 صوتاً مقابل صوتٍ واحد.,"On May 21, 1981, the World Health Assembly adopted the International Code of Marketing of Breast-milk Substitutes — 118 votes to 1.",FACT,"A large formal assembly hall viewed from above/behind, rows of many small generic delegate figures with hands raised in a vote, one single figure NOT raising their hand clearly distinguishable, a large blank document/gavel icon at the front","a wide formal assembly-hall composition with many rows of small generic delegate figures, the vast majority shown with a hand raised (voting in favor), exactly one clearly distinguishable figure with hand down, a large gavel or approved-document icon at the front podium",no readable vote-count text; the 118-vs-1 ratio must be communicated purely through the proportion of raised hands,who_delegate,"minimalist flat 2D educational cartoon illustration, very round simple heads, tiny simple dot facial features, clean thin dark-navy outlines, consistent thin line weight, flat muted pastel color palette, subtle soft gradients only where already natural, plain white or very light gray background, uncluttered simple composition, simple geometric furniture and architecture, friendly educational visual language, strong clear silhouettes readable at small size, no photorealism, no 3D rendering, no painterly texture, no anime style, ABSOLUTELY NO TEXT, NO LETTERS, NO NUMBERS, NO WORDS anywhere in the image, no logos, no brand marks, no readable labels of any kind. A wide formal assembly-hall illustration viewed from a slightly elevated rear angle, many rows of small generic delegate figures filling the hall, the overwhelming majority shown with one hand raised in a vote, exactly one figure clearly distinguishable without a raised hand, a large podium at the front featuring a simple gavel icon and a blank approved-document icon.","FACT (WHA adoption, 21 May 1981, 118 votes to 1)"
054,الولايات المتحدة كانت الدولة الوحيدة التي صوّتت ضدّها.,The United States cast the only vote against it.,FACT,"Zoom into the single dissenting delegate figure from frame 53, isolated with a subtle spotlight, hand down, surrounded at a distance by the sea of raised hands","a medium close-up on the single dissenting generic delegate figure, gentle spotlight isolating them, hand clearly lowered, blurred/distant rows of raised-hand figures visible behind them",no real national flag or seal identifying the country explicitly beyond the narration's own words,who_delegate,"minimalist flat 2D educational cartoon illustration, very round simple heads, tiny simple dot facial features, clean thin dark-navy outlines, consistent thin line weight, flat muted pastel color palette, subtle soft gradients only where already natural, plain white or very light gray background, uncluttered simple composition, simple geometric furniture and architecture, friendly educational visual language, strong clear silhouettes readable at small size, no photorealism, no 3D rendering, no painterly texture, no anime style, ABSOLUTELY NO TEXT, NO LETTERS, NO NUMBERS, NO WORDS anywhere in the image, no logos, no brand marks, no readable labels of any kind. A medium close-up flat illustration isolating the single dissenting generic delegate figure under a gentle spotlight, hand clearly lowered at their side, with blurred distant rows of other delegates with raised hands visible softly in the background, calm but pointed composition.","FACT (US sole negative vote, 1981)"
055,منعت المدوَّنة الإعلان عن هذه المنتجات للجمهور، والعيّنات المجانية للأمّهات، والترويج داخل المرافق الصحّية، والهدايا للعاملين الصحّيّين. كما ألزمت الملصقات بذكر تفوّق الرضاعة الطبيعية والتحذير بوضوح من مخاطر التحضير غير السليم.,"The Code banned advertising these products to the public, free samples to mothers, promotion inside health facilities, and gifts to health workers. It also required labels to state breastfeeding's superiority and to warn clearly about the risks of improper preparation.",FACT,"A simple four-icon grid summarizing the Code's key bans: a crossed-out megaphone (advertising), a crossed-out free tin/gift-ribbon (samples), a crossed-out hospital building (health-facility promotion), a crossed-out gift-box near a health-worker icon (gifts)","a clean 2x2 grid of four small icons, each with a gentle diagonal 'not allowed' line: 1) megaphone icon, 2) tin-with-ribbon icon, 3) small hospital-building icon, 4) gift-box-near-uniformed-figure icon","no readable text inside the grid; pure iconography, consistent simple diagonal prohibition mark style from frame 32",none,"minimalist flat 2D educational cartoon illustration, very round simple heads, tiny simple dot facial features, clean thin dark-navy outlines, consistent thin line weight, flat muted pastel color palette, subtle soft gradients only where already natural, plain white or very light gray background, uncluttered simple composition, simple geometric furniture and architecture, friendly educational visual language, strong clear silhouettes readable at small size, no photorealism, no 3D rendering, no painterly texture, no anime style, ABSOLUTELY NO TEXT, NO LETTERS, NO NUMBERS, NO WORDS anywhere in the image, no logos, no brand marks, no readable labels of any kind. A clean simple flat 2x2 grid layout on a plain background containing four small icons, each marked with the same gentle diagonal 'not permitted' line used earlier in the film: a megaphone icon, a tin-with-gift-ribbon icon, a small hospital-building icon, and a gift-box positioned near a small uniformed-health-worker icon.",FACT (key provisions of the 1981 WHO Code)
056,لكنّ المدوَّنة لم تمنع الحليب الصناعي نفسه. فبعض الرضّع يحتاجونه فعلاً، والمدوَّنة تقول ذلك صراحة. وفي العقود التالية، توالت قرارات جمعية الصحّة العالمية لتوسيع قواعدها، وما زالت منظّمة الصحّة العالمية واليونيسف تُوثّقان خروقات لها حول العالم حتّى اليوم.,"But the Code did not ban infant formula. Some babies genuinely need it, and the Code says so directly. In the decades since, further World Health Assembly resolutions have kept extending its rules — and WHO and UNICEF still report violations being documented around the world today.",FACT,"The generic formula tin shown clearly WITHOUT any prohibition mark, sitting normally on a shelf, gentle warm lighting to counter any earlier negative framing, a small caring generic parent-and-infant icon beside it","the same plain generic tin from earlier frames shown completely free of any slash/prohibition icon, positioned normally beside a small gentle parent-and-infant icon in a caring, unthreatening pose",absolutely no prohibition/crossed-out icon anywhere in this frame — this is the correction moment,none,"minimalist flat 2D educational cartoon illustration, very round simple heads, tiny simple dot facial features, clean thin dark-navy outlines, consistent thin line weight, flat muted pastel color palette, subtle soft gradients only where already natural, plain white or very light gray background, uncluttered simple composition, simple geometric furniture and architecture, friendly educational visual language, strong clear silhouettes readable at small size, no photorealism, no 3D rendering, no painterly texture, no anime style, ABSOLUTELY NO TEXT, NO LETTERS, NO NUMBERS, NO WORDS anywhere in the image, no logos, no brand marks, no readable labels of any kind. A calm simple flat illustration of a plain generic formula tin resting normally on a small shelf with completely neutral, warm lighting and no prohibition marks of any kind, positioned beside a small gentle icon of a parent caringly feeding an infant, reassuring and non-judgmental in tone.",FACT (WHO Code explicitly acknowledges legitimate need for breast-milk substitutes)
057,ما استهدفته المدوَّنة لم يكن المنتَج، بل تلك اللحظة التي تحوّل فيها قرارٌ صحّيّ بين أمٍّ وطفلها إلى فرصة بيع.,What it targeted wasn't the product. It was the moment a health decision between a mother and her child got treated as a sales opportunity.,REASONABLE INFERENCE,"A simple protective shield/barrier icon inserted between a generic mother-and-infant silhouette and an approaching salesperson/coin icon, visually representing the Code as protection around the decision, not the product","a generic simple mother-and-infant silhouette on one side, a small salesperson-with-coin icon approaching from the other side, and a clean simple shield or barrier-line icon now placed firmly between them","the tin itself is not shown as forbidden here — focus is on protecting the decision space, not banning the object",none,"minimalist flat 2D educational cartoon illustration, very round simple heads, tiny simple dot facial features, clean thin dark-navy outlines, consistent thin line weight, flat muted pastel color palette, subtle soft gradients only where already natural, plain white or very light gray background, uncluttered simple composition, simple geometric furniture and architecture, friendly educational visual language, strong clear silhouettes readable at small size, no photorealism, no 3D rendering, no painterly texture, no anime style, ABSOLUTELY NO TEXT, NO LETTERS, NO NUMBERS, NO WORDS anywhere in the image, no logos, no brand marks, no readable labels of any kind. A simple flat illustration showing a generic mother-and-infant silhouette on one side and a small approaching salesperson-with-coin icon on the other side, with a clean simple shield or vertical barrier-line icon placed firmly between them, symbolizing protection of the decision rather than prohibition of any product.",REASONABLE INFERENCE (the Code's underlying rationale)
058,تخيّلي ذلك الخيار مجدَّداً: ثديٌ، وعُلبة. لكنّكِ الآن تعرفين ما يقف خلف كلّ واحدٍ منهما.,"So picture that same choice again: a breast, and a tin. Only now you know what stands behind each one.",REASONABLE INFERENCE,"Return to the exact split composition from frame 1 (breast silhouette vs formula tin on pedestals), but now rendered with warmer, more informed/calm lighting to signal understanding rather than competition","the same two-pedestal composition as frame 1 (maternal silhouette pedestal on the right, generic tin pedestal on the left), but lit calmly and warmly, the earlier competitive tension replaced with a settled, informed visual mood",must clearly echo frame 1's composition for narrative bookending,none,"minimalist flat 2D educational cartoon illustration, very round simple heads, tiny simple dot facial features, clean thin dark-navy outlines, consistent thin line weight, flat muted pastel color palette, subtle soft gradients only where already natural, plain white or very light gray background, uncluttered simple composition, simple geometric furniture and architecture, friendly educational visual language, strong clear silhouettes readable at small size, no photorealism, no 3D rendering, no painterly texture, no anime style, ABSOLUTELY NO TEXT, NO LETTERS, NO NUMBERS, NO WORDS anywhere in the image, no logos, no brand marks, no readable labels of any kind. The same two-pedestal split composition as the opening frame — a plain generic formula tin on one pedestal, a simple rounded maternal silhouette on the other pedestal — but now rendered in warmer, calmer, more settled lighting than the opening, visually suggesting understanding rather than confrontation.",REASONABLE INFERENCE (narrative bookend)
059,لا تهزمين بالضرورة شيئاً لا يحتاج أحدٌ إلى شرائه داخل مختبر. بل تُغيِّرين القرار المحيط به.,You don't necessarily beat something nobody has to buy in a laboratory. You change the decision happening around it.,REASONABLE INFERENCE,"A simple flask/laboratory icon shown small and faded in a corner, while a large simple decision/pathway-fork icon glowing softly occupies the center, indicating focus shifts from the lab to the decision","a small faded flask/laboratory icon pushed to one corner of the frame, a large centered simple fork-in-the-path icon or a large simple document/decision icon glowing softly at the center",no laboratory scene with realistic equipment; keep it iconographic and simple,none,"minimalist flat 2D educational cartoon illustration, very round simple heads, tiny simple dot facial features, clean thin dark-navy outlines, consistent thin line weight, flat muted pastel color palette, subtle soft gradients only where already natural, plain white or very light gray background, uncluttered simple composition, simple geometric furniture and architecture, friendly educational visual language, strong clear silhouettes readable at small size, no photorealism, no 3D rendering, no painterly texture, no anime style, ABSOLUTELY NO TEXT, NO LETTERS, NO NUMBERS, NO WORDS anywhere in the image, no logos, no brand marks, no readable labels of any kind. A simple flat composition with a small faded flask/laboratory icon pushed into one corner of the frame, while a large simple glowing fork-in-the-path icon (or decision/document icon) occupies the center of the frame, visually emphasizing a shift in focus from technical competition to the decision itself.",REASONABLE INFERENCE
060,لأنّ أصعب منافسٍ تواجهه أيّ شركة على الإطلاق هو المنتَج الذي لم يحتج يوماً إلى شركة أصلاً.,Because the hardest competitor any company will ever face is the product that never needed a company in the first place.,REASONABLE INFERENCE,"Final closing image: the maternal silhouette alone, glowing softly, standing confidently at the center of an otherwise empty frame with no tin, no pedestal, no competitor in sight","a single simple maternal-with-infant silhouette centered alone in an otherwise empty plain frame, softly glowing with warm light, no tin, no pedestal, no other object present at all",absolutely no formula tin or corporate icon anywhere in this final frame — it must stand alone,none,"minimalist flat 2D educational cartoon illustration, very round simple heads, tiny simple dot facial features, clean thin dark-navy outlines, consistent thin line weight, flat muted pastel color palette, subtle soft gradients only where already natural, plain white or very light gray background, uncluttered simple composition, simple geometric furniture and architecture, friendly educational visual language, strong clear silhouettes readable at small size, no photorealism, no 3D rendering, no painterly texture, no anime style, ABSOLUTELY NO TEXT, NO LETTERS, NO NUMBERS, NO WORDS anywhere in the image, no logos, no brand marks, no readable labels of any kind. A single simple rounded maternal-and-infant silhouette standing alone at the center of an otherwise completely empty plain background, softly glowing with warm gentle light, no other object, icon, or element present anywhere in the frame, serene closing composition.",REASONABLE INFERENCE (closing thematic statement)
